vehicle_id,lap,accel_mag_mean,accel_mag_max,accel_mag_std,jerk_mean,jerk_max,accx_can_mean_abs,accy_can_mean_abs
GR86-002-2,1,0.5690119961016155,1.5777277965479342,0.34305325213872206,1.1826147749757525,13.490030767389795,0.18168072158226473,0.4958367746142144
GR86-002-2,2,0.6537421739056796,2.081311365461689,0.4307345860694192,1.1797540335044863,12.716267406684835,0.22988117489986645,0.5601782376502003
GR86-002-2,3,0.6390518169811181,1.7866720460118024,0.4478270304706421,1.1329218230791451,19.943291218092472,0.21686267372600923,0.5564506949040371
GR86-002-2,4,0.3083200317874357,1.568928934018364,0.2858081741458937,0.6053790765245375,9.938890365018956,0.08390479246897732,0.27641163885323067
GR86-002-2,5,0.44476637134512853,1.5362200363229221,0.3414793478046087,0.8742741361184139,13.337040479177409,0.11442267583758597,0.40536077213223876
GR86-002-2,6,0.5885775597416977,2.1019010442929993,0.43537913012411594,1.1520733337220748,18.38868925319003,0.21720890615660493,0.4948930065750149
GR86-002-2,7,0.6525652478987327,2.1799495407004263,0.4526981590322975,1.1637495762243406,22.339680626577813,0.22221307588075878,0.5621246612466124
GR86-002-2,8,0.6703975483933585,2.18003532081478,0.44777926115177397,1.1669862602638659,26.010964080085827,0.23413918049441246,0.5728858787673552
GR86-002-2,9,0.6675306692198006,2.2473046077468,0.44277948887921703,1.2124571043343988,15.877088523481845,0.2397476158038147,0.5663085831062671
GR86-002-2,10,0.6655672001311984,2.2882526084329067,0.45817728085884074,1.132492461447635,23.409363354785725,0.2274978003384095,0.5713996615905245
GR86-002-2,11,0.6594895993818181,2.362000846739899,0.45892136892310625,1.1056173579919693,16.415746532891713,0.23135221843003412,0.565126962457338
GR86-002-2,12,0.6649724372770102,2.228081012889792,0.45691177046790316,1.1737087200183156,19.59656452580264,0.23005183659457606,0.5713463783041538
GR86-002-2,13,0.6587267932555246,2.0521776238912652,0.44876884182149457,1.1799584544624246,14.120203698257209,0.22586671223513327,0.5683106630211893
GR86-002-2,14,0.6632985765149715,2.2885908328052005,0.45732635866007737,1.186139143444903,15.090821251440083,0.22211114853486025,0.5735655102728191
GR86-002-2,15,0.6615493027131742,2.086921177236936,0.45367887013836966,1.1584744331247334,16.090983073628024,0.2285615696887686,0.5691525710419486
GR86-002-2,16,0.6583098041862039,1.9249987012982632,0.452091930336747,1.183315788894293,15.940710933039853,0.22652999318336742,0.5676233810497614
GR86-002-2,17,0.668820739561833,2.2242987659035376,0.45195633448037476,1.2167454713976809,15.82434242977064,0.23217284790745152,0.5750027220142906
GR86-002-2,18,0.67199067200638,2.101233923198462,0.44192430794791593,1.2655700710158633,16.2188911882257,0.23779617616934107,0.5741522703994537
GR86-002-2,19,0.6621363850502456,2.2423148753018607,0.43937612146291766,1.2819985631532453,16.074789722209303,0.24422024209818427,0.5555635507733693
GR86-002-2,20,0.6610346464122429,1.9822719288735338,0.4498134149839804,1.2259169175657894,12.547079992901473,0.23166989954970554,0.5663560789747143
GR86-002-2,21,0.6745189840185316,2.2098726207634685,0.4507088261218706,1.2780082976760552,18.24691499603969,0.23743929058663027,0.5786725784447476
GR86-002-2,22,0.1248984229742236,1.746654230235624,0.26352584979080285,0.2616522524421497,11.72683582267042,0.05697534214933303,0.09601530288156147
GR86-006-7,1,0.49472466550165034,1.3006367671260104,0.3175134382941507,0.9264465276349337,13.007777414006005,0.24132744107744108,0.3658045033670033
GR86-006-7,2,0.6717621821325159,2.041682149601157,0.4333400458013235,1.1265312177168145,19.014844045413643,0.2245507197857382,0.588097422162705
GR86-006-7,3,0.6324872009228566,1.6988613833977155,0.44027149979961483,1.1222478575963275,14.533014740681972,0.2249803352675693,0.546819471308833
GR86-006-7,4,0.30452214432559144,1.1945480316839503,0.2718869807390512,0.6124898431857527,9.952792030703044,0.08683904902167051,0.2730904691773617
GR86-006-7,5,0.5584866604668011,1.6801386847519464,0.3199309673193402,0.9920541197279532,11.474747758746362,0.15007800483410239,0.5128044385849264
GR86-006-7,6,0.6825178752974707,2.430126951416325,0.4231629541241403,1.1731361915239154,16.508570711521834,0.2359463447350771,0.5900633802816901
GR86-006-7,7,0.6936109632888623,2.1230680629692493,0.4227442869597262,1.158420776316932,15.565512043479185,0.23683271375464685,0.6044001351808044
GR86-006-7,8,0.6746566162766473,2.1534293580240798,0.4327945269654737,1.1864623452872844,17.956601807347486,0.24140982503364738,0.5836884253028264
GR86-006-7,9,0.6939782868671716,2.2668209016153,0.43798543520287664,1.2170248327529039,21.048947973561155,0.22973215499660093,0.6117794017675051
GR86-006-7,10,0.6906680284097795,2.0865330095639507,0.4444345348812754,1.2284119105125608,15.777765887986531,0.23131600407747197,0.6033024125042473
GR86-006-7,11,0.687800545181751,2.1034989897786973,0.4456340107386918,1.2181167559861177,16.27464380134843,0.2288429780033841,0.6022074450084602
GR86-006-7,12,0.6860956619984993,2.253589359222305,0.44515822075848277,1.2484334802662629,18.39648807636133,0.235659385665529,0.5920409556313994
GR86-006-7,13,0.6389509778837057,2.1822201997048785,0.43926310930471296,1.3430713505953038,17.162586262694585,0.23452549529067876,0.5394264371549204
GR86-006-7,14,0.6786774379142124,1.994001003008775,0.4479331551416112,1.2093164560278318,15.502044849385417,0.23324575695858793,0.5858414799728445
GR86-006-7,15,0.6811853679911777,2.1355397444205995,0.44374732669129,1.265613915438307,17.73433739891469,0.2322060708263069,0.5911440134907251
GR86-006-7,16,0.683043674864653,2.130078402312929,0.43764693656073134,1.2689292028533892,15.035980372115104,0.23405268559698938,0.5904002736914129
GR86-006-7,17,0.6788418738039075,2.276076668304475,0.4465361784502361,1.2212084342527625,14.273996429790442,0.22752368064952636,0.5912046684709067
GR86-006-7,18,0.6809357298925867,2.1509486279314065,0.44321698852815805,1.2174247567653673,14.033780751265976,0.23415687606112054,0.5897134125636673
GR86-006-7,19,0.6798098406658138,2.0824648856583394,0.43452035161838876,1.3070644562771323,16.071062254522882,0.23740532345013474,0.5865020215633423
GR86-006-7,20,0.6920443113450566,1.9557141917979735,0.4141516262681924,1.2360097603168176,16.190966436009795,0.2390957195820694,0.5984890461745872
GR86-006-7,21,0.7151767245084921,2.1216495940659006,0.39539541996997685,1.3413035665544712,20.78980578560172,0.24542920203735144,0.6233239388794567
GR86-006-7,22,0.3315714370707821,1.2826051613805396,0.2812801936037867,0.6568566263247656,11.070902683463583,0.12176619273301738,0.2685383096366509
GR86-013-80,1,0.5448887824439815,1.7211902858196708,0.307134895008386,1.1027210331189015,13.024510329228928,0.1730120056497175,0.47565136534839925
GR86-013-80,2,0.6190744262833009,1.969012442825083,0.3889239776028298,1.2536212531400819,14.284773215687677,0.22934689372437717,0.5144377168085777
GR86-013-80,3,0.6298753401874696,1.751212437141765,0.4063396210606907,1.180166188501449,14.271901864754968,0.23827074097530085,0.5213375554148195
GR86-013-80,4,0.33492482702929427,1.346837777907941,0.26405391641053694,0.8441684702407811,12.666141051809094,0.14796592343289863,0.2555450147244426
GR86-013-80,5,0.4378863119725812,1.438703930626451,0.2779952507806636,0.8627236513428035,10.951247491575593,0.12152030685920577,0.3972985108303249
GR86-013-80,6,0.6300243507609069,2.004024949944486,0.4048780488440091,1.1354421038563447,11.751648538311198,0.23212153796024768,0.5234203323558162
GR86-013-80,7,0.6675082634816054,1.996090428813284,0.41450918927237873,1.2075895368139267,14.203077524107377,0.24105954349983458,0.5613612305656632
GR86-013-80,8,0.6591629566094641,1.9289025377141271,0.42227445334986813,1.2535684842998973,14.47107075279667,0.24403946932006637,0.5489021558872306
GR86-013-80,9,0.66255315714728,2.1408925708685147,0.41171391320458783,1.2770363141137564,15.320195593385108,0.23584792626728113,0.5591329822251482
GR86-013-80,10,0.6581480275540441,1.675806969790972,0.4177323398679037,1.2199117207790147,13.764729435094225,0.23053802723347724,0.5595018266356693
GR86-013-80,11,0.6443167957404515,1.853475923771334,0.4172791843637742,1.2507488907686644,12.447488161825925,0.2349996709443896,0.5419772951628825
GR86-013-80,12,0.6700409157567242,2.06774780860723,0.4346872362407681,1.2355037441519519,13.106363839208946,0.24008543882978728,0.5674079122340426
GR86-013-80,13,0.6595979757341897,1.8669325108316048,0.4176597236521226,1.2550103536378283,16.17153525400169,0.24308855362413906,0.5512213840603476
GR86-013-80,14,0.6043222007744221,2.836898482498096,0.4284426449121133,1.243930958359832,35.934500499698295,0.22367562102830735,0.5067227036395148
GR86-013-80,15,0.6399173066726559,1.931832290857568,0.42185743213699006,1.1716567292393743,12.926737972757651,0.23028026101141924,0.5403696574225122
GR86-013-80,16,0.6483734498863671,2.0760002408477702,0.4268039377358479,1.1846650500645155,12.670786933565315,0.23357708674304417,0.5467643207855973
GR86-013-80,17,0.6332392775500191,1.5573262342874725,0.4082695570930783,1.177382022240119,16.18499957424999,0.22528129032258068,0.5327106451612903
GR86-013-80,18,0.6279804516938501,1.7842693182364595,0.40612765872866274,1.1961155004386097,13.175664698434247,0.22533023702754645,0.5276857783472133
GR86-013-80,19,0.6271853295243008,1.7403287045842806,0.4140824233993966,1.2642831352337178,13.909118406069803,0.2301567263088138,0.5222604373757456
GR86-013-80,20,0.6276067877708902,1.9084404627863034,0.4134386428767812,1.1889792819532297,11.456204035106639,0.22562671456564334,0.5256312867406924
GR86-013-80,21,0.6269867695863333,1.7988143317196468,0.3973445515065541,1.2239583601699606,14.744996329388714,0.2294321428571429,0.5229233766233766
GR86-013-80,22,0.4501589991857658,1.4602496361923873,0.3824435913432734,1.0126639899095675,15.481936107732928,0.18136994350282484,0.35985649717514123
GR86-015-31,1,0.531961020104081,1.4034005130396667,0.28018426759001885,1.228818763496984,13.003554891667395,0.25248802129547476,0.40674290150842946
GR86-015-31,2,0.6524307609029711,2.222562485060881,0.4063010698793777,1.2546744019805525,23.343809071392723,0.2466460234680574,0.5442301173402868
GR86-015-31,3,0.6514539719719804,1.9043185132744993,0.436492361591111,1.2533992762810318,17.05182241585604,0.24732943849399544,0.5420262901655307
GR86-015-31,4,0.35267038361491027,1.277964788247313,0.26317817166025786,0.7894344939398618,16.412010355193438,0.12710383889238513,0.2979204950702748
GR86-015-31,5,0.41842453285535536,1.554170196600102,0.28154449454119596,0.8931818951231754,14.44904884645704,0.15822779145222643,0.3469973148355337
GR86-015-31,6,0.6622095552081119,2.141383197841993,0.4331555499964628,1.2335942901760113,16.143039834065636,0.25980939686771076,0.5469070309896701
GR86-015-31,7,0.6802210018490948,2.1214158008273625,0.44225737244677243,1.279976479819637,17.857447897037737,0.2508423194303154,0.5720912173618176
GR86-015-31,8,0.6837390971857074,2.0373534303110006,0.4423334849686241,1.2684797302685042,18.238374571208023,0.24747478849407784,0.5792883248730964
GR86-015-31,9,0.6723476042500559,2.292563630523698,0.4329473161102701,1.3633332951557933,19.43027148727754,0.25489771197846567,0.5655585464333782
GR86-015-31,10,0.673522191223412,2.1116318334406685,0.43558175385315734,1.2913708025913593,15.627823672775643,0.2435573162508429,0.5728408631153068
GR86-015-31,11,0.6753492310393012,1.923310947298954,0.4375995735640782,1.2189244271295994,14.184691789532822,0.25093768844221104,0.5677601340033501
GR86-015-31,12,0.6745854268547393,2.192071394822714,0.4378156708648122,1.251955666630196,17.255685822580208,0.24622966186809506,0.573365249414128
GR86-015-31,13,0.6743106363973284,2.0150803954185053,0.43828335998525003,1.274256127428361,15.045502635963858,0.25074747134187464,0.5674686446392448
GR86-015-31,14,0.6702896633142692,2.3402514822129694,0.4322359038503321,1.2397425505157331,18.815062962801992,0.2427963210702341,0.5688963210702341
GR86-015-31,15,0.670418211855627,1.7613460761587996,0.4263931254027847,1.2187228233772083,15.898199408233086,0.2514496487119438,0.5629856139176983
GR86-015-31,16,0.6675126661036278,1.899853152219929,0.426918659630602,1.2195948790173028,17.03795141681645,0.25106343906510853,0.5627385642737897
GR86-015-31,17,0.673017665675216,2.0993903877078224,0.4257048500039335,1.309436297028961,17.262096649858183,0.24618434093161548,0.5663052527254707
GR86-015-31,18,0.6603943775539869,1.939089734901405,0.42358197156933325,1.2782380655929053,14.446754382694865,0.2561864350150351,0.5490374206481791
GR86-015-31,19,0.6730695859669876,2.077837818502686,0.4049418469734536,1.3115202749904804,15.123170389826583,0.2599103153745072,0.560719776609724
GR86-015-31,20,0.68963961373996,1.9300738327846425,0.4013936948038906,1.3480694783169669,13.538873065368373,0.24655648117294238,0.5889136954348551
GR86-015-31,21,0.6768322231322529,1.9528891417589478,0.4066715349044876,1.2854306742070838,11.546689383592623,0.25558464106844736,0.5719702838063438
GR86-015-31,22,0.4062418044075027,1.4975196158982358,0.33306053587647416,0.8417194152634141,10.620130032827417,0.16524330691796957,0.3243816663097023
GR86-016-55,1,0.441480880333388,1.198460679371668,0.26681450780902904,0.9545428449727956,12.605554377464708,0.2069334906672388,0.34274447543445613
GR86-016-55,2,0.669007435380517,2.170825188724325,0.42841156757179943,1.2118759921958882,18.31226515796664,0.233793,0.5758333333333334
GR86-016-55,3,0.6442766970949472,1.9403015229597693,0.44027435983783797,1.2014257176851317,16.73547797508216,0.21852399867593514,0.5605925190334325
GR86-016-55,4,0.2911473842150949,1.1679255113233893,0.2507651133456671,0.5905029144690134,13.645570773593125,0.07505926083262532,0.26767714528462194
GR86-016-55,5,0.3657070556131541,1.4297412353289667,0.2964322984719518,0.7464711425688552,12.753195217169791,0.11046724214254094,0.32649092518813627
GR86-016-55,6,0.664695953373602,1.8822082775293492,0.4319151117988115,1.1861488577388812,14.998061372506578,0.24019673270768163,0.5655255474452554
GR86-016-55,7,0.6855058568609235,2.040282823532071,0.42612526010696344,1.3115806928909945,17.01603391484433,0.2376659793814433,0.591987972508591
GR86-016-55,8,0.6843642623134705,1.9691889193269396,0.4241037602408285,1.280831658078407,20.111797989116365,0.24872874493927125,0.5829625506072875
GR86-016-55,9,0.678539014533605,2.2665156077115376,0.4370906928979982,1.2763004577855397,15.16690078476419,0.24242891401164782,0.5830280918122644
GR86-016-55,10,0.6877352164856942,2.167544693887533,0.4343467273120602,1.2349883205296632,13.752845437893125,0.2367669302165693,0.5970749398418701
GR86-016-55,11,0.6761580560615378,1.967985772306294,0.44182147066437416,1.3037886331051538,14.103947774420778,0.23645920109252305,0.5810672584499829
GR86-016-55,12,0.6825128116431685,2.0086338640976855,0.4395368651748978,1.2581512102530252,18.582336882761854,0.23960326086956524,0.5882143342391304
GR86-016-55,13,0.6901977757418554,1.9545569830526814,0.4271958654324628,1.2594239797061344,13.721791879188828,0.24373298969072166,0.5944278350515464
GR86-016-55,14,0.6572314554107217,3.0749505687083816,0.4226073724285617,1.348963731146036,44.68288343370043,0.2504340439706862,0.5532225183211192
GR86-016-55,15,0.6676995589838225,2.0014914438987743,0.4308157044595861,1.332039123593177,15.913951072060708,0.241605866486851,0.5678981793661497
GR86-016-55,16,0.6672809037368178,2.0550513375582615,0.4336521919865807,1.3091899276424643,18.207658293675873,0.24002634245187435,0.570306315433975
GR86-016-55,17,0.6700082431800419,1.9405488914222182,0.4249263870013614,1.2945029686294058,16.802460481074093,0.24391649555099248,0.5692556468172485
GR86-016-55,18,0.6614462718028042,2.1925076966797628,0.43184791771716535,1.233973939764631,15.634932987828002,0.2384872924432396,0.5659034225686208
GR86-016-55,19,0.6645424491827121,1.9138194794703078,0.43189186328465057,1.1953511462451376,13.928938190324414,0.240763353617309,0.5666707234617985
GR86-016-55,20,0.6548938811535593,1.9685573397795657,0.43407914374138196,1.184659364893544,15.792250895273373,0.23952181322426724,0.5585460122699386
GR86-016-55,21,0.6605302982821581,2.0260417073693224,0.4361214794086107,1.1809633781100006,15.621062969770044,0.23943648097826084,0.5626657608695652
GR86-016-55,22,0.11866579860604116,1.2348931127834506,0.2150934536383614,0.2757107519639337,15.877703389398317,0.04214387156529793,0.09846563754245137
GR86-022-13,1,0.5750852512822545,1.5735822190149455,0.3019141541600957,1.2886400329153116,14.130307523576306,0.18130542503203761,0.5097849209739428
GR86-022-13,2,0.6518063581463732,2.2063293045236927,0.42250440115688787,1.253520253150756,19.01355443192422,0.25035542367293107,0.5526060006594131
GR86-022-13,3,0.6307199542707236,1.893257774313894,0.41673286523466063,1.1942855073359528,19.20025407422306,0.2380288831835687,0.5354229781771501
GR86-022-13,4,0.3490085037175255,1.3276720227526073,0.2665374772337305,0.7507766464749538,10.149757735722439,0.1141933108960875,0.30432078249894823
GR86-022-13,5,0.4723127633015893,1.4395867462574112,0.30736172987477134,1.0273396135605113,18.102420643834556,0.13952585258525851,0.4250162816281628
GR86-022-13,6,0.6671404010555855,1.918746726381572,0.43023238334691266,1.28143736760748,26.00745498328057,0.25940276839973,0.560677245104659
GR86-022-13,7,0.696298600414618,2.016285942023105,0.4281381305218254,1.268394769601359,16.456194013113794,0.25968653648509765,0.5940596094552929
GR86-022-13,8,0.6820692846064317,1.7892149116302378,0.41414169589626726,1.18409604469363,13.321764159709065,0.25487730472678516,0.5826174991619175
GR86-022-13,9,0.6769488726069451,1.9735779690703887,0.43260689153637394,1.2221650770807044,14.152234860150875,0.253,0.5752898014136655
GR86-022-13,10,0.6881636423820425,2.109717042638657,0.42822133714725685,1.2914888748789797,18.154912526527724,0.26020060893098784,0.5831275372124493
GR86-022-13,11,0.6798304637106295,2.1579492579761923,0.4401211380773813,1.3115805896766721,17.70561322193302,0.25476444744846233,0.577089219330855
GR86-022-13,12,0.6886593327483035,2.0610701104038163,0.43435625347886486,1.2597886040067356,13.678577660095629,0.2567451046590142,0.5846289669142472
GR86-022-13,13,0.6825916195618462,2.1080002371916375,0.4249995693872524,1.2700122368913551,15.793819843556314,0.2572976430976431,0.5784249158249158
GR86-022-13,14,0.6687141323447598,2.7218407374422187,0.4079601119203091,1.3206698631665783,40.64353164911805,0.25346957100099765,0.5687100099767209
GR86-022-13,15,0.6834612761162296,1.8946062915550554,0.4306995425216262,1.276287750443841,14.053729384041063,0.2464979338842975,0.5861026170798898
GR86-022-13,16,0.6730257537618253,2.2161157460746495,0.42895113550052316,1.2642321551595348,20.219354739963446,0.24703192934782606,0.5740132472826087
GR86-022-13,17,0.6862592173214015,2.006386054576736,0.4251834704744046,1.1972629880854941,13.440598022575331,0.25420249746878165,0.5864832939588255
GR86-022-13,18,0.684850626029322,2.0948594224911607,0.41326572783981563,1.2862565681473082,14.827037439441979,0.2553168848606915,0.5844565290365895
GR86-022-13,19,0.6776799654755676,2.1531411936981746,0.4132428610507417,1.2950377805184394,23.57038895996,0.2533700734802939,0.5759849699398798
GR86-022-13,20,0.6870335938223351,2.0310797620969985,0.4146977261911443,1.3010127350761538,17.219088278470945,0.25921900544959126,0.5848368528610355
GR86-022-13,21,0.7215693053351937,2.143334085018012,0.3967253085232135,1.380651902211963,28.345316710342146,0.26114445955132565,0.6249724677090415
GR86-022-13,22,0.12142872810400575,1.2057798306490286,0.183478961883555,0.247141468319953,9.212377483428721,0.05576237734791141,0.09543425848051584
GR86-024-41,1,0.5625852514762695,1.3750534535064447,0.29127457861101713,1.1205485144187344,11.273868523652201,0.2298714676390155,0.4554949863263446
GR86-024-41,2,0.6256770746031196,2.0558409471552026,0.4067398135745944,1.1595159338165746,12.111757072974914,0.2315485842985843,0.526180501930502
GR86-024-41,3,0.6213055302770628,4.031843250921344,0.4173050483235283,1.16186093401658,18.022790374525865,0.23202342747111684,0.5197076379974327
GR86-024-41,4,0.384422070581101,1.454794143513095,0.2638523965006456,0.8244560094744839,14.659376486239953,0.15765245339618597,0.3068440111420613
GR86-024-41,5,0.40135155024762836,1.4866664050821892,0.28406536836686214,0.7207304226391884,9.237664078193491,0.13710232663203073,0.35142669979670205
GR86-024-41,6,0.5452078850325303,1.619232534258128,0.39555231280581205,1.2819699137836467,16.94229155023235,0.23053183064270488,0.4372701797136765
GR86-024-41,7,0.6531328344169806,1.8610386884747991,0.43181053751053416,1.1540251244878956,13.714874808871174,0.22396483590087074,0.5579624916275955
GR86-024-41,8,0.6470309141799776,1.8782545088459124,0.4383844363934696,1.1840508565182262,15.42598796897213,0.22670080321285144,0.5501787148594378
GR86-024-41,9,0.6569981358009388,1.9640430239686706,0.4417714425039864,1.2225994471579846,14.838936643392454,0.22825856803529015,0.5638988802171699
GR86-024-41,10,0.6545079268624777,2.1430524958572525,0.4411977485850487,1.1989457191050334,12.506690142114929,0.22809295302013427,0.5584379194630873
GR86-024-41,11,0.6554458493089044,2.106459826343716,0.44023744062680437,1.1554052765609941,13.130245150549527,0.22948608783104257,0.5626288970834731
GR86-024-41,12,0.6472177399669399,2.198895177128733,0.4383548341909863,1.1697756462578153,20.345181708892163,0.2306386836803224,0.5529345198119543
GR86-024-41,13,0.6568758537750227,2.0584919237150285,0.4359145939865873,1.1860664228588151,13.398404748176006,0.22861535870663524,0.5657349275850455
GR86-024-41,14,0.6492347196826634,1.885354078150839,0.43778213901038454,1.2317658040391584,15.686903126538951,0.2242910422910423,0.555011988011988
GR86-024-41,15,0.6515036323796799,1.8227128133636412,0.4339266617484132,1.1709992505598201,17.979795495721504,0.2308838838838839,0.55902002002002
GR86-024-41,16,0.648688316645226,1.913165439788206,0.4367614588630726,1.217245539701857,12.961350822403798,0.231315736719011,0.5517594386902773
GR86-024-41,17,0.6442982946524928,2.0827352208094045,0.4231409469535765,1.2245813471669555,12.47722076028361,0.22722775214238627,0.5457791694133157
GR86-024-41,18,0.6517096314663625,1.9278428359179076,0.4246614869327393,1.2304803457196343,13.592700833772499,0.22976482479784366,0.5595623315363881
GR86-024-41,19,0.6522289101406988,1.9427097055401767,0.43394349202892984,1.2607137990562092,13.405021105758733,0.2271580354159706,0.5593073838957567
GR86-024-41,20,0.651461371388388,1.9576353082226525,0.4372326381005963,1.183012165156878,12.742088877759569,0.22937804878048781,0.5563597560975609
GR86-024-41,21,0.648995093710227,1.7911987606069852,0.42870436183040167,1.2007930096565407,12.579048613687808,0.22700972501676728,0.5555885311871227
GR86-024-41,22,0.4135002172420482,1.6056880145283516,0.40511735703777785,0.8573583599382077,13.82517103023325,0.1714311316955296,0.327934554973822
GR86-026-72,1,0.5903148569953763,1.47636885634993,0.29785110665634484,1.272397875088719,20.381855981336415,0.2731100309323906,0.4643360583296509
GR86-026-72,2,0.6626833422242051,2.1844038088229016,0.41146871931242174,1.217880859754313,15.143236446703652,0.22961636060100168,0.5652884808013355
GR86-026-72,3,0.6530820169439544,1.7510139919486651,0.424871211968307,1.239732505794436,16.51518992132933,0.23117089232795524,0.5509776094830424
GR86-026-72,4,0.4941476887651398,1.3998960675707321,0.2445700491962269,0.943149192770337,12.385275201344104,0.18426204564666104,0.4249759087066779
GR86-026-72,5,0.53649348572417,1.763645372516822,0.267715342831942,1.1213276590374122,30.804444716282536,0.20642582781456953,0.4550986754966888
GR86-026-72,6,0.6922209151728381,1.871106891655311,0.4261552610816487,1.2780948351259536,13.455233445206842,0.24096787423103214,0.5899077238550924
GR86-026-72,7,0.7001870884719846,2.0860683114414065,0.4204302891306707,1.2558797383144573,12.126113539864088,0.2317422222222222,0.6115117948717949
GR86-026-72,8,0.6769849121142807,1.8967240178792486,0.41821909172829913,1.263671443590134,23.024624538443955,0.23770402394413037,0.582335550382441
GR86-026-72,9,0.6906764916759404,2.08611888443588,0.43528290714262335,1.292283172535688,14.80823087442865,0.23244213041993853,0.5989726869238648
GR86-026-72,10,0.6935641145048267,1.9387379915811214,0.4402051386199521,1.3200031964171979,13.244359345021444,0.23137206132879046,0.6028442930153322
GR86-026-72,11,0.6911701374589214,2.1684669700043853,0.4336202839116662,1.2577376943451803,21.58643237340578,0.22880349195481,0.6002653200958575
GR86-026-72,12,0.6840312077182202,2.093619354132933,0.4313748424073959,1.2772838626662413,26.39822502898803,0.2301432937181664,0.5883188455008489
GR86-026-72,13,0.6857299328412271,2.129497593330408,0.42538434050383006,1.277209882327235,15.023494222530548,0.22459703003712453,0.5999480256496794
GR86-026-72,14,0.6819470832332942,2.2032430642123892,0.4357796060701081,1.2431845099419787,13.67992699983092,0.22390399726682608,0.5957020840450973
GR86-026-72,15,0.6819587498403035,2.0607537455989253,0.4316322843627146,1.2477106309240273,13.84077422713082,0.22578994184057471,0.595717755730414
GR86-026-72,16,0.6845922860105635,1.9581861504974445,0.4272894182467792,1.2460615416708856,16.598558796715633,0.22493790295215474,0.5980536138445877
GR86-026-72,17,0.691725417359828,2.068232337045333,0.4179138880868984,1.2721280107083028,15.18772451208872,0.22630010172939982,0.6033014581213971
GR86-026-72,18,0.6873169835466181,2.1391030830700983,0.41783345222569385,1.2233417898661125,10.948034407930004,0.2270538881309686,0.6001538199181445
GR86-026-72,19,0.6752921186437054,2.12415371383523,0.4302621359592728,1.3084577143146503,21.113058825407144,0.23056281920326865,0.5833963227783452
GR86-026-72,20,0.6891346692705679,2.030886505937739,0.4236565567234848,1.2488596023250693,14.114630387701348,0.223719629375429,0.6056269732326699
GR86-026-72,21,0.6829146164867118,1.9433522583412406,0.42961096267354393,1.2689960352903102,13.070785842717637,0.229390560875513,0.5937298221614227
GR86-026-72,22,0.12672697618071838,1.361552422788047,0.22074922445766654,0.26288705925007794,12.91164850934221,0.04396406680537593,0.10586059719957264
GR86-028-89,1,0.6364858571810598,1.588138847834156,0.3778750945456865,1.3025922249796378,20.55088524523247,0.26518938340287435,0.49004427445526194
GR86-028-89,2,0.6236687468546399,2.013431151045399,0.41050636260284606,1.14280979732461,24.362629846253412,0.22759001610305957,0.5253478260869565
GR86-028-89,3,0.07747155810521698,5.2154058327228965,0.10804785165471881,0.1693102384633109,28.53051093533652,0.049918059756938915,0.04944149020856552
GR86-032-15,1,0.5703187104115703,1.701671237342866,0.3399037703156941,1.1623951197456093,12.265978341425864,0.17373556581986144,0.49719399538106246
GR86-032-15,2,0.6190973068950738,1.981534001726945,0.4053377472670709,1.10159707420254,19.737371437514582,0.22939115213239977,0.5191228516868236
GR86-032-15,3,0.6218556081804889,1.682983362959955,0.429830995601204,1.1295818037100684,24.01568325987556,0.22202203499675954,0.5257443292287751
GR86-032-15,4,0.17711892451144545,1.3754453824125479,0.2497814879322673,0.3977558645834158,21.526655166710576,0.07238454662826498,0.13686562717250966
GR86-032-15,5,0.6375377659759981,1.9855623888460419,0.4354340890754341,1.1862916073404397,20.762569558276,0.21809622886866062,0.5393234720416125
GR86-032-15,6,0.6680601763160282,2.0365335744838577,0.4536515958582122,1.1700469929127237,15.213633243005534,0.22632809832707412,0.5702307954933424
GR86-032-15,7,0.66206369015246,2.092910174852232,0.4532801854718917,1.1373589724161755,13.02730841520004,0.22388575268817204,0.5674590053763441
GR86-032-15,8,0.671254443178075,1.8806339356716928,0.44602052068631953,1.2440854757926638,16.79592878342925,0.22736440966315072,0.574722014290575
GR86-032-15,9,0.6733360526662745,1.8540002696871434,0.4456247037659515,1.168551062544901,12.10425062376895,0.2328156196943973,0.5729015280135824
GR86-032-15,10,0.6561860752692398,2.0734254266792425,0.4470516754742626,1.2019698851606804,16.87265745272065,0.2268617886178862,0.5541819105691057
GR86-032-15,11,0.6682176947837358,1.9893428563221576,0.4489192487534871,1.2052550385685554,15.50878601351186,0.23174213197969543,0.5673813874788495
GR86-032-15,12,0.6561944199630114,1.8590072619546165,0.43723931478319994,1.220853104051103,16.659650124302434,0.23017021985343106,0.5574373750832778
GR86-032-15,13,0.15356283303752732,1.889008734760112,0.2970867234255961,0.34707581806966986,11.904212291565633,0.05901496944310925,0.1230227288333448
GR86-033-46,1,0.5504599339722723,1.3583316973405282,0.34412548189735287,1.2225849516736396,21.747339479277542,0.1596497797356828,0.4871169603524229
GR86-033-46,2,0.6429405494946776,1.931764996059303,0.4248892667933069,1.1831307154695447,14.496261967201173,0.23986787920384353,0.5439663692518875
GR86-033-46,3,0.6336924401657754,1.723650196530607,0.4393546952613565,1.098007230079339,19.091568603959676,0.22897271808689793,0.5445867295385652
GR86-033-46,4,0.275759698417226,1.1522781782191311,0.24418539399869907,0.5769402767183222,13.421310589271151,0.07214111870196413,0.25133390264731
GR86-033-46,5,0.4675607732893954,1.730886766949242,0.3529204368812805,1.0738788390827336,10.233374271559914,0.11468812209688121,0.42689095332890953
GR86-033-46,6,0.66175022747037,1.939903348107838,0.4458688209839493,1.166409940314307,14.61024653357951,0.23804526462395545,0.5702879526462395
GR86-033-46,7,0.6744109695633822,1.868325453447552,0.42928401032372643,1.165567650243096,26.209255954411358,0.24043535075653366,0.5862520632737277
GR86-033-46,8,0.657080694012732,2.0760394986608515,0.42484722593435786,1.1424887539981838,15.451381631154046,0.2354238975817923,0.5658015647226174
GR86-033-46,9,0.6725002818108824,1.8617166809157617,0.42653221713167955,1.1946849540925544,15.869438858389504,0.22899758620689653,0.5863555172413794
GR86-033-46,10,0.6430766521124582,1.984131548058243,0.4250551376533695,1.1080625401215134,13.408890946340128,0.21454411207875804,0.5668761832639151
GR86-033-46,11,0.6920751573312924,2.0480881328692866,0.4326968836764961,1.2252830141112352,15.818383407003939,0.24215236787920386,0.5982175703500343
GR86-033-46,12,0.6828081116100798,1.99803503472787,0.43586485377835477,1.1861443206265934,19.94573548377365,0.24277831659161758,0.5844752338067198
GR86-033-46,13,0.6491466146968141,1.75269078847354,0.42823233945309636,1.1444227575256534,17.67241441905609,0.23788447782546496,0.5529027181688126
GR86-033-46,14,0.6671227184066486,2.013935947342914,0.4336801716480305,1.244050145754622,15.17109219631876,0.23709498147524416,0.5745756146850791
GR86-033-46,15,0.6582499436018868,1.632544639512194,0.42808199774305794,1.160842049827994,21.763787848068162,0.23825008944543827,0.5666150268336314
GR86-033-46,16,0.6682321598152468,2.0404041266376622,0.43191930634885967,1.1541722393530156,13.064681733270634,0.23518044319380937,0.5799064368624692
GR86-033-46,17,0.6700002027860988,1.8820255046093293,0.422223067896243,1.183038504902462,14.94555768921966,0.23521136203246296,0.5788020465772759
GR86-033-46,18,0.6720583754490265,1.721752885869514,0.4187904857256547,1.1220346149564482,16.559949014601827,0.24232009838369642,0.5784950808151792
GR86-033-46,19,0.6660734469546304,2.189768252578341,0.4285200645490221,1.188368443347118,21.276843992525844,0.24580362537764353,0.5676992279288352
GR86-033-46,20,0.6730268696576395,2.0896231717704508,0.42731683330052883,1.1499169160567198,14.370521866116773,0.23016660905634287,0.5917511234013135
GR86-033-46,21,0.6826846337925737,2.04266688424716,0.4350642214889328,1.2007272127037476,22.20893768854693,0.24194057724957557,0.5909585738539899
GR86-033-46,22,0.13539956919193658,1.3897888328807366,0.20169126808612975,0.25089693039486627,11.713170710973763,0.03735901936360548,0.11821356584758237
GR86-036-98,1,0.5134415306614762,1.2571590989210553,0.26356847902464303,1.0695590557525096,14.643237697591319,0.20473871174834152,0.43579007061844643
GR86-036-98,2,0.6478084478550648,2.016509112302744,0.4288357261249771,1.2209608339814253,16.776086413060916,0.22743896018427112,0.5542319842053307
GR86-036-98,3,0.6416888961518363,1.8069227985722025,0.4205817507856578,1.1551230624766409,13.82673018255486,0.2204612166076601,0.5556781461216608
GR86-036-98,4,0.509877683905412,1.37744691367762,0.2542717284083867,1.0077483430912944,8.556475174855873,0.13008828522920202,0.47481303056027174
GR86-036-98,5,0.5254512391358374,1.5297467110603638,0.2629896967588379,1.0250334416928812,10.879534068177978,0.1396359804791482,0.48861801242236025
GR86-036-98,6,0.11732021940330273,3.0992295816863904,0.25967772087338326,0.40444800618993687,37.357984997719804,0.07700416193719258,0.0668649262202043
GR86-038-93,1,0.6352818382218975,1.5762502973830013,0.2786491067666326,1.125531202044895,14.033994416218402,0.36604880316058563,0.43071252614455036
GR86-038-93,2,0.7079257717655074,2.3560103989583747,0.30745362114288377,1.071275045135047,14.655851325796698,0.38046883033419016,0.514762853470437
GR86-038-93,3,0.7221828427173805,1.610318291518792,0.3291844731437502,1.0634199020488941,12.373840267730825,0.3884866275277234,0.527562948467058
GR86-038-93,4,0.4889884382652886,1.6926954835409704,0.2797234690357616,0.8142079537113159,16.174818647251687,0.2892734241908007,0.3339631601362862
GR86-038-93,5,0.5677983392382308,1.6410167579887782,0.30227763940745456,0.9568486410631524,14.795156243877717,0.3110190174326466,0.41494158931401404
GR86-038-93,6,0.7288593334914882,2.000280230367735,0.3168464212842319,1.1545606453982298,17.53904721276492,0.39945604214685543,0.5242143562726375
GR86-038-93,7,0.74873914069918,2.1572213609177897,0.3330660347032378,1.1517927727529902,16.893511022753646,0.40113614540466397,0.5495943072702332
GR86-038-93,8,0.7492556735578603,1.9415522140802703,0.33092482639052295,1.1472296123496242,15.86507599100364,0.3939683333333334,0.5557596666666667
GR86-038-93,9,0.7535390396258386,1.9470349252132073,0.3390132213723371,1.1402372764089075,13.761884003506163,0.3998898247978437,0.5590165094339623
GR86-038-93,10,0.7555796087636975,2.223883315284325,0.33456903912653824,1.1625216426182137,13.120146990524745,0.39455243820975283,0.5637571810287241
GR86-038-93,11,0.7576756939719806,2.1159343089992184,0.33258195995856893,1.0774902886551945,16.62945587002805,0.3991670556852284,0.5603527842614205
GR86-038-93,12,0.7649817106401557,2.2152826004823853,0.34426776371267404,1.139144241275129,14.788522408715687,0.3942479784366577,0.5740694070080863
GR86-038-93,13,0.7459858065102011,2.1766315719478113,0.33323955254651955,1.1600436121610835,15.339194223015273,0.39949054142204826,0.5488897586431832
GR86-038-93,14,0.7613973004048245,1.9909284266391898,0.34016402502561993,1.128948336532181,14.521152677215557,0.4110855437665782,0.558448275862069
GR86-038-93,15,0.7595341062631877,2.2496855335801937,0.3419960150222564,1.191761544726717,16.861701125369894,0.3986378215836953,0.5636421650517875
GR86-038-93,16,0.7544736772208442,2.1654110464297536,0.3400813920555777,1.1791280132859414,17.826414537872928,0.3959259136212625,0.5588847176079734
GR86-038-93,17,0.7344778449561269,2.051295444347303,0.3276608833159358,1.1182448382785903,15.709062485522061,0.3986377799415774,0.5250064913988964
GR86-038-93,18,0.7523969293330922,2.5043661872817244,0.3286785530275921,1.196406211734142,22.447346823098915,0.39722274404562224,0.5578225427708823
GR86-038-93,19,0.7539559550586011,2.230733063367287,0.32831587081532565,1.2084697207108261,18.2127393058767,0.39762151394422307,0.5558217131474105
GR86-038-93,20,0.7545182169368412,2.218235560079227,0.33111641238304845,1.181157303339802,16.00383179280492,0.4028148397976391,0.5535989881956155
GR86-038-93,21,0.36138210133386195,4.439616762739775,0.3172099679943104,0.42633651784750265,24.770399770817036,0.2580637670909948,0.177767444601603
GR86-040-3,1,0.5255399534027692,1.449979310197218,0.3214484670650573,1.0577633348510556,17.414778674935416,0.25725260476962264,0.38238226441305856
GR86-040-3,2,0.6300841612144885,2.1418085815497143,0.396878426924297,1.131479923290379,18.20676394170671,0.23175135307226996,0.5291639605221268
GR86-040-3,3,0.6369995608060313,1.99827250393934,0.4223452452164432,1.1822303528120859,19.160818717033518,0.241229764181007,0.5242906309751435
GR86-040-3,4,0.37658399372587686,1.4564700477524417,0.27163770891191824,0.8070201737612814,15.451248364708672,0.16479481182224112,0.29042185838826284
GR86-040-3,5,0.4491196831886373,1.5332569908531317,0.2955138181434619,0.8657540988791117,11.680406234451485,0.14433521190261495,0.39325879170423805
GR86-040-3,6,0.6402930740006032,2.0233220208360305,0.4081959506359569,1.1592888219701132,11.43284503320546,0.24459810643160299,0.5320708455762324
GR86-040-3,7,0.6136509758860003,2.9218473608318423,0.4322490484714322,1.3230077335936714,28.592656282135653,0.2362525283481459,0.5128197977321484
GR86-040-3,8,0.6479896349346372,1.8474441804828636,0.4259386484798595,1.1870072380653733,12.01829619278103,0.23119702970297026,0.5533590759075908
GR86-040-3,9,0.6636203399220775,2.1210850996600774,0.44174034431108355,1.1479361474250507,11.691527336437694,0.22424105334233627,0.5705384875084403
GR86-040-3,10,0.6603258007981367,1.7265885439212203,0.4394195178581492,1.1709491089680824,11.944210909766877,0.22815629183400268,0.5639032797858099
GR86-040-3,11,0.6727677820706983,2.3205329129318555,0.430123908383421,1.210742718892594,13.582475283495874,0.23560282733086507,0.5716526422080108
GR86-040-3,12,0.6568463918424412,2.0801447065048144,0.4392383673313457,1.193199310000251,12.047306408814256,0.2275911991938193,0.5641682902250588
GR86-040-3,13,0.6604232400797275,2.159948379012795,0.43852309245395843,1.2156950800341197,14.361502667657582,0.2306874580818243,0.5632679409792086
GR86-040-3,14,0.6578349957431745,2.3760021043761723,0.4382611376024099,1.2098197327751563,18.58613608814886,0.23538125629828688,0.5602838427947598
GR86-040-3,15,0.6622514440118404,2.3864437977878294,0.4361470755976543,1.2369759464271781,16.86448864631353,0.22768122270742358,0.57008599261001
GR86-040-3,16,0.6679806008145994,2.1977545358842967,0.43181657007894375,1.2103357950415066,14.155368476200191,0.23213290058079944,0.5694267167748548
GR86-040-3,17,0.6556028838543875,2.1573495312535704,0.42019064341964607,1.2042103326918867,16.096001076502503,0.23648741418764302,0.550522719843086
GR86-040-3,18,0.6667774839852504,1.9714157349478572,0.4187007580078952,1.1871975800717618,14.976044690310006,0.23263428381962864,0.5692788461538462
GR86-040-3,19,0.6584845339591235,2.2867326035197033,0.4165821322103248,1.207393853655435,14.382480642524094,0.24122410358565738,0.557531208499336
GR86-040-3,20,0.6597856851453564,2.1959328313953503,0.42191337939268275,1.2367993647061024,17.77363320510162,0.23530507343124163,0.5613875166889185
GR86-040-3,21,0.6633283406462834,2.186852761390213,0.4311428752582194,1.238230763469926,12.709870711531785,0.23087655566767573,0.5690571812983518
GR86-040-3,22,0.12617169578512688,1.5606553110792913,0.27244353422294143,0.25127159953332556,12.421013222878429,0.054652743554300144,0.09958903780275256
GR86-047-21,1,0.4655611836172195,1.4711498903918663,0.3116368872335953,0.9872728582982496,12.548044482127684,0.18674131868131869,0.3758608791208791
GR86-047-21,2,0.6400328556519594,2.1622812028041123,0.4099348439541486,1.1821413078547238,18.39000397389415,0.23151247974068076,0.5422097244732578
GR86-047-21,3,0.6345147777266633,1.6800119047197255,0.4437488269115103,1.144620400672535,14.981455348500011,0.21441672046481602,0.5496255648805681
GR86-047-21,4,0.2917556756980701,1.26017498784891,0.2552346132417783,0.6287364663308862,10.830997406419048,0.09620487497373396,0.25252216852279896
GR86-047-21,5,0.4158510775688017,1.3579882179164884,0.2855112145129191,0.8415782700354204,11.50890005502369,0.1221714729370009,0.3711850044365572
GR86-047-21,6,0.6715600726034321,2.0806330767340984,0.44339234895687296,1.1930508233383994,16.27888843693723,0.23552844413982177,0.5739760109664154
GR86-047-21,7,0.6875424450103916,2.36853034601628,0.4427657525267707,1.246573333568399,22.038404117905266,0.22974668480108804,0.5948976538592315
GR86-047-21,8,0.6765422981605456,2.0680894564790955,0.43422641676210455,1.2060046244012634,15.345356955554804,0.23746082027342447,0.5770800266755586
GR86-047-21,9,0.6531701420808991,2.291282828460947,0.4312328866482531,1.3273461081449887,18.52437451915479,0.23732494203378604,0.5540069559456774
GR86-047-21,10,0.6568245061324831,2.1176463349671963,0.43318491532767195,1.3399018413731252,17.988993015727086,0.23548666666666665,0.5586343333333332
GR86-047-21,11,0.6883676799439941,2.3842543907897076,0.4408696725061664,1.284173638608812,16.054317598555894,0.23573684210526316,0.589087044534413
GR86-047-21,12,0.6773839860514508,2.03330715830147,0.4411664660800085,1.3642154702070841,19.92203998331393,0.2315389282103134,0.5813306370070779
GR86-047-21,13,0.6718699295185425,2.1852766415261935,0.44723941069761547,1.2762350596420766,13.279199104312502,0.22990802675585284,0.5814357859531772
GR86-047-21,14,0.6741016085171618,2.1744194627532196,0.4449212574724495,1.259973108451014,13.028823258683627,0.22744697223151553,0.5847785212445633
GR86-047-21,15,0.6745180350228773,2.203061960091,0.4317330322472857,1.2779957695491677,14.427801022413027,0.23184097035040432,0.5807254043126685
GR86-047-21,16,0.6691596204893454,2.1025995814705185,0.4313173739799546,1.3010272496696407,17.46830560860394,0.23480989232839838,0.5713462314939435
GR86-047-21,17,0.6670748497294664,2.0930210223502295,0.43913757269542864,1.3823573859722627,16.261703724636828,0.24060128075497136,0.5658621503201887
GR86-047-21,18,0.6599058139686164,2.0751387905390812,0.426975930879406,1.27962491851757,12.166679361885492,0.24174884488448845,0.5626881188118812
GR86-047-21,19,0.6646720418052768,1.8888324436010726,0.42667632421861557,1.3134543753595094,14.697826776036065,0.23710350474942682,0.5713409760890927
GR86-047-21,20,0.6733889324775952,1.808779699134198,0.44006863636504706,1.2724458347986194,13.330026484716353,0.23109493670886075,0.5815463024650234
GR86-047-21,21,0.6577886653730833,2.243000891662774,0.44009917709990043,1.293882645123346,13.228807046496927,0.2297054134838924,0.565275655928263
GR86-047-21,22,0.34839584308266236,1.6179014185048481,0.33398544153064225,0.733162618626387,9.325352663972229,0.12662359128474832,0.2927462434259955
GR86-049-88,1,0.6426054580588584,1.57957874131048,0.35823592288539163,1.222769352719211,18.127685620248066,0.2102207822808671,0.5490725730442979
GR86-049-88,2,0.631690295723042,1.5839728533027324,0.3931521480988271,1.1819313673615597,12.293975855892034,0.22407016414547795,0.5389868039909881
GR86-049-88,3,0.6350750516129348,1.927597727743006,0.4198743674510395,1.2744921317458167,13.628706943053679,0.22344470046082948,0.5357458854509546
GR86-049-88,4,0.34171420907579053,1.4392866288547255,0.2583206474203009,0.6998964183960321,13.218420952664072,0.11461692697340652,0.29053060363022376
GR86-049-88,5,0.6346883249629423,1.443346805171924,0.321095538220447,1.189631677483724,14.608520776488751,0.15694370404411764,0.58558984375
GR86-049-88,6,0.6536237998587379,2.224919998561746,0.4265369349338468,1.310664425615914,15.247420749639744,0.24096015936254978,0.5479309428950863
GR86-049-88,7,0.6765109507035866,2.063849073939274,0.4390370732353694,1.311243063898167,18.772150179725806,0.22974846206425154,0.5790591250854409
GR86-049-88,8,0.682083829386794,1.941607838879932,0.4330984208865121,1.3327193492518181,14.169450377415645,0.23200650239561943,0.5838090349075975
GR86-049-88,9,0.6770219583392726,2.278267982481429,0.42942362503333437,1.322136649484052,14.578945273453202,0.23072963723477072,0.579045516769336
GR86-049-88,10,0.6788794534124899,1.9650366408797573,0.4319921680279793,1.2955057063100077,11.253118198442813,0.2265638661202186,0.5835092213114753
GR86-049-88,11,0.6752340222496396,2.377916104491493,0.43309173029975223,1.328865402051714,21.106814203405776,0.22644749652294854,0.5768157162726009
GR86-049-88,12,0.680244635375347,2.028272417600752,0.423777257515086,1.3315784975762956,15.870906038550816,0.23437935748462063,0.5797956254272044
GR86-049-88,13,0.6693414200281959,2.2794823973876173,0.4240289246068972,1.3068907358761017,18.582990787966782,0.23094107687097867,0.5706471385032171
GR86-049-88,14,0.6618325515195541,2.25702459002998,0.4230206880947365,1.293358431287229,18.547907228541224,0.2272488262910798,0.5663202548625084
GR86-049-88,15,0.6588729039953298,2.049738763842847,0.4260423646586775,1.2705972140750355,16.874222653729856,0.22640863209189,0.5650577793247477
GR86-049-88,16,0.6712405564925327,2.3130780358647653,0.41938133203462996,1.3081667736528695,16.793740319159355,0.22536033898305086,0.5789457627118645
GR86-049-88,17,0.6610372013719411,2.4292241559806707,0.40622952443982474,1.354569404081495,22.32544384887391,0.2295345405767941,0.5606670020120724
GR86-049-88,18,0.666044106405383,2.0462416768309653,0.42000132676828433,1.3972595130529182,11.83643431792411,0.22963184584178498,0.566500338066261
GR86-049-88,19,0.6616597997167342,2.014310055577343,0.41621978506066554,1.326704317565994,12.368406624663884,0.23393249660786974,0.5587045454545455
GR86-049-88,20,0.6713435994563834,2.3289297971385916,0.4196317169457724,1.3651160581871278,17.060342931565597,0.2304412265758092,0.5738643952299829
GR86-049-88,21,0.6640263758210195,1.8926087815499535,0.4284514897130898,1.3829333480362909,15.95668781540412,0.2297664872139973,0.5650174966352625
GR86-049-88,22,0.2958974181560024,1.572353649787477,0.32425804595038743,0.6855659522621008,14.520702036458406,0.12943505352292697,0.2287740853171433
GR86-051-71,1,0.6645082523392503,1.4389447522403354,0.34564177825070713,1.2345275333853485,17.398831394615254,0.1920084893339138,0.5904895515890292
GR86-051-71,2,0.6456168631697291,2.008327164582504,0.4270468560535263,1.2954119674539284,17.173823012816722,0.23642127521145087,0.5443106701366298
GR86-051-71,3,0.644727478852238,1.9247051722276844,0.4330151709154965,1.1485531309570534,17.62355608042174,0.22445418589321026,0.5463061964403428
GR86-051-71,4,0.3698073830766228,1.2293250180485225,0.2881608125821377,0.7627695175277877,9.452286404970216,0.11180206359233524,0.32089639924194563
GR86-051-71,5,0.5113925003598746,1.4243050937211452,0.3493983413384809,1.0132693398104107,12.187179507442327,0.12319759411895745,0.4680425484517709
GR86-051-71,6,0.6594513808595196,2.057002187650757,0.4302726742261811,1.183632505166749,10.945899580713059,0.2457282068279748,0.5525445807093139
GR86-051-71,7,0.695492196884643,1.6950578161230963,0.4260506234136986,1.257350938777978,13.78330968393835,0.23307971262401644,0.5995487512829286
GR86-051-71,8,0.6791667541680741,2.2050487522955136,0.4374296815923296,1.1847853640311379,18.39584292707182,0.22916767676767674,0.5840026936026936
GR86-051-71,9,0.6700306303369191,2.0010359816854866,0.43746033849429444,1.191611991894392,14.313990237244983,0.2359986173522295,0.5739906671275492
GR86-051-71,10,0.6783946283111586,2.3969351263645,0.42475342081640227,1.2562704507913267,28.448930438355585,0.23780086869361847,0.5779178082191782
GR86-051-71,11,0.6696648266147666,1.9799709593829906,0.438456253031081,1.219887668295786,16.851079233983874,0.23170154373927962,0.5753173241852487
GR86-051-71,12,0.6651061773676453,2.8862432329933663,0.42585796569078704,1.2548908524376616,36.8900930834483,0.2319147184721765,0.5646526177148502
GR86-051-71,13,0.3789277808114717,1.4780155614877672,0.32776564343710873,1.2711749368046574,14.781995610934194,0.17692297271143795,0.2886661505709309
GR86-051-71,14,0.6422929644191235,2.0260355376942427,0.4317683052306092,1.2026449932579604,16.233079767794123,0.21246391417425228,0.5550809492847855
GR86-051-71,15,0.6687159150390989,1.9573865228921956,0.43633186822981473,1.258479467033142,15.451431301158454,0.22478095558546432,0.5780279273216689
GR86-051-71,16,0.6657783309748752,2.014849870337738,0.44024806796320626,1.2416155170628365,13.303057324270343,0.22200203527815468,0.5771146540027138
GR86-051-71,17,0.669095881249535,2.2087881292690796,0.438713382047868,1.2038951402151747,17.198399784186343,0.22255899159663864,0.5805616806722689
GR86-051-71,18,0.6710172025745365,2.134011480756371,0.4431381462716065,1.166675668732999,14.509513644124523,0.22333815612382232,0.5814703903095559
GR86-051-71,19,0.6630786825441263,2.015723443332443,0.43758785869039113,1.1892712883308163,15.246548560024499,0.22233129043241398,0.5738896833503575
GR86-051-71,20,0.6771881053799319,2.287792167134069,0.4420379715107318,1.2221970510590094,16.66690329315394,0.22448726655348047,0.5868050933786079
GR86-051-71,21,0.6735671845312966,2.136002106740534,0.43091067437843855,1.2267298849172628,29.531525993177596,0.22738461538461538,0.5804810256410257
GR86-051-71,22,0.1364281834615106,1.7592558085736139,0.25792569610750005,0.2478498695669082,10.083194976521655,0.05271959971031668,0.10963216801632762
GR86-061-51,1,0.5302184478748053,1.692546306604342,0.3196884495070206,1.1904135610419297,14.961204554872966,0.2065849710982659,0.4347519075144509
GR86-061-51,2,0.6254029677220029,1.6306394451257458,0.409504346331051,1.0711022148725693,23.32311610139172,0.23163520408163263,0.5264132653061224
GR86-061-51,3,0.6402185719696988,1.766289896930852,0.42939475306964264,1.1284503135470607,15.447464037086686,0.23301037277147488,0.5390343598055105
GR86-061-51,4,0.37319637249113613,1.375309419730702,0.2774032819376046,0.8349803199455239,16.190531481896592,0.14170775389801937,0.3113324905183312
GR86-061-51,5,0.4794111514608169,1.3621930846983477,0.2979723973303993,0.8968706679366443,11.156747064753056,0.13600159090909092,0.43108704545454546
GR86-061-51,6,0.6203013473295883,1.7249501442070725,0.42776963987872946,1.115112346497139,15.803432650247915,0.2248611020541246,0.5262839908705575
GR86-061-51,7,0.6512122672665911,2.0918135672186464,0.4436205129705069,1.110035925631297,18.406566303543404,0.23190286094477708,0.5532089155023286
GR86-061-51,8,0.6521124733197684,2.375860265251305,0.4406700231490175,1.1487078065396785,16.13130809189499,0.23155959595959594,0.5528696969696969
GR86-061-51,9,0.6601824722912951,2.4944307967951325,0.44116408878126134,1.1487564172783542,18.637286184519926,0.22799966510381783,0.5685144005358339
GR86-061-51,10,0.6531606073489868,1.7930158950773414,0.4367939313098789,1.1010053835656053,15.942531052550297,0.22838767994643452,0.5572530967525945
GR86-061-51,11,0.6500654817133815,2.4809002398323075,0.4471707151704513,1.1155976133074659,22.32412381060784,0.23731458759372873,0.5510017041581459
GR86-061-51,12,0.6561167697241712,2.1210384249230376,0.4432947460645974,1.1281803502135064,27.634316665477904,0.22622299767364573,0.563386507145231
GR86-061-51,13,0.6394915602385021,2.0993451359888398,0.4444286408230814,1.1367588556988428,15.134146820116227,0.23844462593923552,0.535779810519438
GR86-061-51,14,0.6474659303344139,2.0365473232900824,0.44621842253958777,1.090763231935313,23.567963238701548,0.22063485752153744,0.5600086149768058
GR86-061-51,15,0.6525053025989371,2.19758776844066,0.4364838590332867,1.1458048043547724,16.046510489292125,0.22668013136288997,0.5579481116584564
GR86-061-51,16,0.6568139978189186,2.4091990370245457,0.43414984950330915,1.181797940966052,20.66899488020063,0.2336471754212091,0.559950445986125
GR86-061-51,17,0.6311465490631357,1.9362985307023295,0.43341653976804,1.1889502758193042,16.104241361930992,0.240375322997416,0.5230442506459948
GR86-061-51,18,0.6614437972598926,1.6887279236158796,0.4177852901224253,1.224057278666204,15.148381126889294,0.23327764545763863,0.5636699557672679
GR86-061-51,19,0.6608856029673028,1.74112406220809,0.44192013022716065,1.1626283913833848,17.19916670078642,0.2359679572763685,0.5631071428571428
GR86-061-51,20,0.6549731886142897,2.0862085226553937,0.4315082750864323,1.1860191301233056,13.530205740458715,0.2364088933467068,0.5545322634570379
GR86-061-51,21,0.6499253010482302,3.4100916409973503,0.43027167904546254,1.154843052489879,38.04016199920347,0.23893911317008606,0.5491720714758438
GR86-061-51,22,0.13614693805171071,1.5478068354933698,0.28308310081981775,0.2773772911520973,11.775052976838111,0.06426710019267824,0.10318629576107899
GR86-062-012,1,0.5180659381117007,1.8605655054310772,0.2911386174433774,1.197110880019056,12.40685685817802,0.23705798502053635,0.39354820004832086
GR86-062-012,2,0.5812896812350996,1.715728708158723,0.3668654896540914,1.044278180482278,12.509734227155608,0.2280478573662809,0.4742177040975915
GR86-062-012,3,0.6263462511088721,1.6621230399702662,0.40185411195809295,1.1030611218648232,14.81738507951972,0.23042600000000002,0.518016
GR86-062-012,4,0.3351083520379583,1.3623164096493883,0.2421821320792967,0.7103247924950122,11.72638740356516,0.1429694721221115,0.26683294466822133
GR86-062-012,5,0.37416761679158234,1.2992786460186283,0.26346085336343744,0.7838690154251622,11.34183384669021,0.1590479621706823,0.3006277865345643
GR86-062-012,6,0.6049099976752315,2.1832439167440727,0.38674604031554094,1.0210817433825985,13.188319503281965,0.23741677255400256,0.4945343074968234
GR86-062-012,7,0.6280579386348492,1.6747710291260713,0.41671183393840866,1.0734328135353752,15.660878354939609,0.23203619474695708,0.5238440102498397
GR86-062-012,8,0.637902692508172,2.051672975890651,0.4104465749196616,1.0895104395481303,14.198915935199604,0.24457133613717244,0.5226499514720155
GR86-062-012,9,0.6469990067048009,1.8183206537901944,0.41774518727354765,1.160707637550883,13.588638575653322,0.23746275024614374,0.5339645553002954
GR86-062-012,10,0.6345053730310661,1.824305347248645,0.42065016262278604,1.0781627106246983,11.69385669288485,0.24501741373750402,0.5177942599161561
GR86-062-012,11,0.6359221924265258,1.9444168791696907,0.42669702670174725,1.1196710492599433,11.568471148457743,0.23756460403975632,0.5195662071176659
GR86-062-012,12,0.6288010392644908,2.181620040245322,0.4182405035405674,1.0521885177833705,11.771769782879659,0.22836606567933032,0.5235238248551192
GR86-062-012,13,0.6343093742668462,1.959103111119984,0.4209374660806674,1.1141612493106463,15.218661922054642,0.24011417575368824,0.5161193072482361
GR86-062-012,14,0.6215177152279665,1.634441800738099,0.412283187043871,1.0325004040110162,17.622234738646398,0.23501689512272875,0.5072403570290087
GR86-062-012,15,0.6298376389421212,1.7516634950811758,0.40812202912105927,1.0880535830630083,11.821089475962983,0.23288967061080912,0.5181570195075152
GR86-062-012,16,0.6369805904268707,1.6563589586801526,0.42127820412789085,1.1185917865376935,11.95270224562816,0.23634083601286174,0.5196514469453376
GR86-062-012,17,0.6280622536994234,1.6392159711276608,0.42461913760488407,1.1058549239585447,12.632769790003547,0.23919262820512824,0.5085961538461539
GR86-062-012,18,0.6260947257597252,1.6185601626136734,0.4196245609745733,1.0882766093639429,11.659517136983474,0.23754081632653065,0.5053118622448979
GR86-062-012,19,0.6263855325318836,1.8587275217201689,0.4155645480542558,1.0894220695471437,11.417109980854745,0.23763051174766658,0.5113604763437399
GR86-062-012,20,0.6246731721945653,1.6381724573438536,0.40638863714272366,1.052260736825952,11.181578297903485,0.23465472733139725,0.5121122942884802
GR86-062-012,21,0.606304730406402,1.602031210682239,0.3900798489190344,1.0481273918151237,12.086564044140307,0.23191763596353349,0.4892027664256523
GR86-062-012,22,0.3559642036336786,1.1912388509446794,0.27218163411171586,0.6670825405758741,15.518511492040666,0.15241781243587113,0.274497024420275
GR86-063-113,1,0.530302427310843,1.5197190529831492,0.2920622047054528,1.1105887220205848,17.224449830979097,0.1963306523681859,0.4474854781054513
GR86-063-113,2,0.626212601299819,1.9498205045593298,0.39965509102689617,1.1945969486611345,16.220336054926737,0.2326357211692901,0.5260285897847735
GR86-063-113,3,0.6491145314057637,1.791612681357218,0.4412523520387318,1.1677463465633457,12.304855836866661,0.2316019160885365,0.5514833168153288
GR86-063-113,4,0.30863276130574985,1.2998222955465875,0.26038949783669807,0.6102480782752385,8.69691756367118,0.11391178947368422,0.25583705263157897
GR86-063-113,5,0.39269600988298103,1.5817319621225336,0.3119729190999473,0.7338398748171152,13.201774552928025,0.1433985556307831,0.33264680658993456
GR86-063-113,6,0.6603264164315462,2.3685257017815955,0.42753468749455703,1.298698658379388,16.56547842987153,0.24613908629441625,0.5541505922165821
GR86-063-113,7,0.6777441406513173,1.918135813752509,0.43510775780565186,1.2485347200310444,13.729456529986676,0.2362747701736466,0.5789012597889002
GR86-063-113,8,0.6730182561359408,1.9503725285185907,0.43930288469053247,1.232122826981814,15.49436805992453,0.23292341283170978,0.5756818945246893
GR86-063-113,9,0.6776418569569554,2.0156202519323925,0.43965095309003777,1.2320406421422199,17.238518752262685,0.23571628065395095,0.5821655313351498
GR86-063-113,10,0.6799478966716097,1.9481357755556978,0.4263001049169931,1.1715911976648172,14.665796202092396,0.23609292035398233,0.5858737236215112
GR86-063-113,11,0.6651837908693249,2.186185033340042,0.4399585769898365,1.2509383434535062,19.44124858060033,0.23651023890784983,0.5649955631399317
GR86-063-113,12,0.6713108525781166,4.154265759433308,0.4411163938586652,1.2804845760054344,26.430483769078876,0.2310780454699695,0.5751143535799118
GR86-063-113,13,0.6708451536155303,1.9761702861848724,0.4265170416912307,1.2775867177216118,13.063043566991803,0.23542761168962045,0.5739301310043669
GR86-063-113,14,0.6596361438483126,2.1676281969009352,0.41645414163152783,1.2388723045355083,18.048621901901083,0.23496257038754556,0.5618724743292481
GR86-063-113,15,0.6649860598891049,1.904205871222962,0.41795434629072137,1.2321258796494974,20.43444263087479,0.23793160690571044,0.5651938911022576
GR86-063-113,16,0.6701605817000907,1.749294715020885,0.408578238195578,1.2116016711268853,16.88509410046434,0.23736499501826633,0.5743204915310528
GR86-063-113,17,0.6607156494922288,2.1701292588230774,0.4035168984404606,1.1940988608685068,21.064305206534232,0.2344541223404255,0.5587676196808511
GR86-063-113,18,0.672291461368116,1.8244212781043745,0.41247357265650275,1.2374206961936776,18.206531173485406,0.237389371657754,0.570418449197861
GR86-063-113,19,0.6555260777104506,2.062092383963434,0.41105683762020534,1.2444082102041436,14.184117772494952,0.23725871803387577,0.55539455330455
GR86-063-113,20,0.6503759070797044,2.0116314274737306,0.42914604137656664,1.2595472193987352,16.67350569107121,0.23126487205051516,0.5531179793951478
GR86-063-113,21,0.6537747680288836,1.9497017720666923,0.4335892114422799,1.1883106418247704,13.393041664254193,0.23525152129817445,0.5556791751183232
GR86-063-113,22,0.3687116891838063,1.641024679887539,0.3452551517441183,0.7736528849351448,13.244435460694223,0.1550752380952381,0.2878607619047619
GR86-065-5,1,0.48662625395793124,1.519620018294047,0.3307061424929135,1.1303831712949912,16.89582954943294,0.2283615350089767,0.36311265709156193
GR86-065-5,2,0.636472945746631,2.2830709581613973,0.4220801709882189,1.1327949592618927,16.678372288987223,0.22003463203463203,0.5449007659007659
GR86-065-5,3,0.6441840188592057,1.9070094388859224,0.42884194552712795,1.1153504633992386,14.210002521554697,0.23043112410656272,0.5415201429499675
GR86-065-5,4,0.3710106330917846,1.4128871150944793,0.28819784426857104,0.8198928563412321,17.379126647503107,0.13479896574014222,0.3041417797888386
GR86-065-5,5,0.4395010234101206,1.5070029860620713,0.3238790439352786,0.8788876356878303,13.750472462393567,0.1585136784987565,0.368938955460095
GR86-065-5,6,0.6377639440403684,1.9365711967288988,0.42513195534441306,1.1414325379256065,15.430825989509584,0.2561066188457776,0.5210704271274862
GR86-065-5,7,0.6642196724524563,2.0853328271525386,0.44190187993385777,1.070123354825338,16.82072109213546,0.230687986463621,0.5712632825719121
GR86-065-5,8,0.6482024379120674,1.9307120448166266,0.43681502606441386,1.076490806719851,13.012050692929261,0.23040715732613098,0.5543497636731939
GR86-065-5,9,0.6572357270491486,2.088287575981814,0.4353268774672766,1.0578150049011716,11.299391123777825,0.22878048780487806,0.5653055555555556
GR86-065-5,10,0.6586868967477821,1.8284487961110643,0.4369504291829029,1.085224384772971,13.700831504817495,0.23276235612728505,0.5659011509817197
GR86-065-5,11,0.6468681912995522,2.034487650490904,0.43858836998135753,1.1299311562643086,16.028075113051724,0.229427843803056,0.5517422750424449
GR86-065-5,12,0.6639440253207709,2.0880507656663907,0.4441322781224231,1.1063003888781189,12.550216384188452,0.2321901528013582,0.5678536502546689
GR86-065-5,13,0.6577266962426589,2.0376783357537076,0.4368044092095556,1.070887743056566,13.901943309144603,0.22787101108498492,0.5675764192139738
GR86-065-5,14,0.6426630624956584,2.1517818197949343,0.42293608843859265,1.1760972771552682,16.16608799278118,0.22694847131569906,0.5506492614221917
GR86-065-5,15,0.6536832924893794,2.171208879863934,0.4338720059883396,1.1563586933009244,17.834991575573046,0.2343969002695418,0.5606677897574124
GR86-065-5,16,0.645728992752813,1.9068185545562535,0.43098207255712995,1.075972485460864,15.156690393455182,0.234898805573988,0.5509021234240212
GR86-065-5,17,0.6554521971885797,1.914679346522545,0.4364668366739343,1.1315301523673695,17.26385138312994,0.2314517851184518,0.5638091424758092
GR86-065-5,18,0.6505895601914655,1.9794827607231138,0.42956121077722886,1.0780236243828922,22.82739458654851,0.22419549125168237,0.561377523553163
GR86-065-5,19,0.6541459154324339,2.3046249152519374,0.4325985636623129,1.0840020055762896,16.330393909275276,0.22573852431145866,0.5651485889153349
GR86-065-5,20,0.6478246570883963,2.047447679429196,0.4300073175697129,1.1010565164310264,16.441588365097513,0.2348877721943049,0.5540884422110554
GR86-065-5,21,0.6533043096141474,1.8601938071072055,0.43252085945770724,1.1103592620429956,21.25058031367047,0.2359478816408877,0.5578802958977808
GR86-065-5,22,0.11898497575346861,1.5223458871097593,0.23574809523677054,0.2093818837752579,12.428255566671037,0.050588386343740875,0.09115827254158156
